<?xml version="1.0" encoding="UTF-8"?>
<mesh>
    <sharedgeometry vertexcount="24">
        <vertexbuffer colours_diffuse="False" normals="true" positions="true" texture_coords="1">
            <vertex>
                <position z="-1.999999" y="0.000000" x="1.999999"/>
                <normal z="-0.000000" y="-1.000000" x="0.000000"/>
                <texcoord u="1.007937" v="0.002143"/>
            </vertex>
            <vertex>
                <position z="1.999999" y="0.000000" x="1.999999"/>
                <normal z="-0.000000" y="-1.000000" x="0.000000"/>
                <texcoord u="1.007937" v="1.002143"/>
            </vertex>
            <vertex>
                <position z="1.999999" y="0.000000" x="-2.000000"/>
                <normal z="-0.000000" y="-1.000000" x="0.000000"/>
                <texcoord u="0.007937" v="1.002142"/>
            </vertex>
            <vertex>
                <position z="-2.000000" y="0.000000" x="-1.999998"/>
                <normal z="-0.000000" y="-1.000000" x="0.000000"/>
                <texcoord u="0.007937" v="0.002142"/>
            </vertex>
            <vertex>
                <position z="-1.999998" y="0.200000" x="2.000000"/>
                <normal z="0.000000" y="1.000000" x="0.000000"/>
                <texcoord u="0.997858" v="0.005040"/>
            </vertex>
            <vertex>
                <position z="-1.999999" y="0.200000" x="-1.999999"/>
                <normal z="0.000000" y="1.000000" x="0.000000"/>
                <texcoord u="-0.002143" v="0.005040"/>
            </vertex>
            <vertex>
                <position z="1.999999" y="0.200000" x="-2.000000"/>
                <normal z="0.000000" y="1.000000" x="0.000000"/>
                <texcoord u="-0.002143" v="1.005040"/>
            </vertex>
            <vertex>
                <position z="2.000000" y="0.200000" x="1.999998"/>
                <normal z="0.000000" y="1.000000" x="0.000000"/>
                <texcoord u="0.997857" v="1.005040"/>
            </vertex>
            <vertex>
                <position z="-1.999999" y="0.000000" x="1.999999"/>
                <normal z="0.000000" y="0.000001" x="1.000000"/>
                <texcoord u="1.001539" v="0.047216"/>
            </vertex>
            <vertex>
                <position z="-1.999998" y="0.200000" x="2.000000"/>
                <normal z="0.000000" y="0.000001" x="1.000000"/>
                <texcoord u="1.001538" v="0.001353"/>
            </vertex>
            <vertex>
                <position z="2.000000" y="0.200000" x="1.999998"/>
                <normal z="0.000000" y="0.000001" x="1.000000"/>
                <texcoord u="0.001538" v="0.001353"/>
            </vertex>
            <vertex>
                <position z="1.999999" y="0.000000" x="1.999999"/>
                <normal z="0.000000" y="0.000001" x="1.000000"/>
                <texcoord u="0.001539" v="0.047216"/>
            </vertex>
            <vertex>
                <position z="1.999999" y="0.000000" x="1.999999"/>
                <normal z="1.000000" y="-0.000002" x="-0.000000"/>
                <texcoord u="1.002842" v="0.047611"/>
            </vertex>
            <vertex>
                <position z="2.000000" y="0.200000" x="1.999998"/>
                <normal z="1.000000" y="-0.000002" x="-0.000000"/>
                <texcoord u="1.002842" v="0.001748"/>
            </vertex>
            <vertex>
                <position z="1.999999" y="0.200000" x="-2.000000"/>
                <normal z="1.000000" y="-0.000002" x="-0.000000"/>
                <texcoord u="0.002842" v="0.001748"/>
            </vertex>
            <vertex>
                <position z="1.999999" y="0.000000" x="-2.000000"/>
                <normal z="1.000000" y="-0.000002" x="-0.000000"/>
                <texcoord u="0.002842" v="0.047611"/>
            </vertex>
            <vertex>
                <position z="1.999999" y="0.000000" x="-2.000000"/>
                <normal z="-0.000000" y="-0.000003" x="-1.000000"/>
                <texcoord u="0.002461" v="0.047216"/>
            </vertex>
            <vertex>
                <position z="1.999999" y="0.200000" x="-2.000000"/>
                <normal z="-0.000000" y="-0.000003" x="-1.000000"/>
                <texcoord u="0.002461" v="0.003814"/>
            </vertex>
            <vertex>
                <position z="-1.999999" y="0.200000" x="-1.999999"/>
                <normal z="-0.000000" y="-0.000003" x="-1.000000"/>
                <texcoord u="1.002461" v="0.003814"/>
            </vertex>
            <vertex>
                <position z="-2.000000" y="0.000000" x="-1.999998"/>
                <normal z="-0.000000" y="-0.000003" x="-1.000000"/>
                <texcoord u="1.002461" v="0.047216"/>
            </vertex>
            <vertex>
                <position z="-1.999998" y="0.200000" x="2.000000"/>
                <normal z="-1.000000" y="0.000004" x="0.000000"/>
                <texcoord u="1.000436" v="0.003873"/>
            </vertex>
            <vertex>
                <position z="-1.999999" y="0.000000" x="1.999999"/>
                <normal z="-1.000000" y="0.000004" x="0.000000"/>
                <texcoord u="1.000436" v="0.044814"/>
            </vertex>
            <vertex>
                <position z="-2.000000" y="0.000000" x="-1.999998"/>
                <normal z="-1.000000" y="0.000004" x="0.000000"/>
                <texcoord u="0.000436" v="0.044814"/>
            </vertex>
            <vertex>
                <position z="-1.999999" y="0.200000" x="-1.999999"/>
                <normal z="-1.000000" y="0.000004" x="0.000000"/>
                <texcoord u="0.000436" v="0.003873"/>
            </vertex>
        </vertexbuffer>
    </sharedgeometry>
    <submeshes>
        <submesh operationtype="triangle_list" use32bitindexes="False" usesharedvertices="true" material="celda">
            <faces count="12">
                <face v3="2" v1="0" v2="1"/>
                <face v3="3" v1="0" v2="2"/>
                <face v3="6" v1="4" v2="5"/>
                <face v3="7" v1="4" v2="6"/>
                <face v3="10" v1="8" v2="9"/>
                <face v3="11" v1="8" v2="10"/>
                <face v3="14" v1="12" v2="13"/>
                <face v3="15" v1="12" v2="14"/>
                <face v3="18" v1="16" v2="17"/>
                <face v3="19" v1="16" v2="18"/>
                <face v3="22" v1="20" v2="21"/>
                <face v3="23" v1="20" v2="22"/>
            </faces>
        </submesh>
    </submeshes>
    <submeshnames>
        <submesh name="celda" index="0">
        </submesh>
    </submeshnames>
</mesh>